City: bhibv, Country: France, Date: 26-11-2023
City: bhibv, Country: France, Date: 26-11-2023
City: bhibv, Country: France, Date: 26-11-2023
City: bhibv, Country: France, Date: 26-11-2023
City: bhibv, Country: France, Date: 26-11-2023
City: bhibv, Country: France, Date: 26-11-2023
City: Beaurdox, Country: France, Date: 26-11-2023
City: bhibv, Country: France, Date: 26-11-2023
City: bhibv, Country: France, Date: 26-11-2023
City: bhibv, Country: France, Date: 27-11-2023
City: Amarone della Valpolicella Classico, Country: Italy, Date: 27-11-2023
City: Vigneti delle Dolomiti, Country: Italy, Date: 27-11-2023
City: Vigneti delle Dolomiti, Country: Italy, Date: 27-11-2023
City: Vigneti delle Dolomiti, Country: Italy, Date: 27-11-2023
City: Vigneti delle Dolomiti, Country: Italy, Date: 27-11-2023
City: Teroldego Rotaliano, Country: Italy, Date: 27-11-2023
City: Teroldego Rotaliano, Country: Italy, Date: 27-11-2023
City: Amarone della Valpolicella Classico, Country: Italy, Date: 27-11-2023
City: Vigneti delle Dolomiti, Country: Italy, Date: 27-11-2023
City: Vigneti delle Dolomiti, Country: Italy, Date: 27-11-2023
City: Vigneti delle Dolomiti, Country: Italy, Date: 27-11-2023
City: Vigneti delle Dolomiti, Country: Italy, Date: 27-11-2023
City: Teroldego Rotaliano, Country: Italy, Date: 27-11-2023
City: Teroldego Rotaliano, Country: Italy, Date: 27-11-2023
City: Amarone della Valpolicella Classico, Country: Italy, Date: 27-11-2023
City: Vigneti delle Dolomiti, Country: Italy, Date: 27-11-2023
City: Vigneti delle Dolomiti, Country: Italy, Date: 27-11-2023
City: Vigneti delle Dolomiti, Country: Italy, Date: 27-11-2023
City: Vigneti delle Dolomiti, Country: Italy, Date: 27-11-2023
City: Teroldego Rotaliano, Country: Italy, Date: 27-11-2023
City: Teroldego Rotaliano, Country: Italy, Date: 27-11-2023
City: Amarone della Valpolicella Classico, Country: Italy, Date: 27-11-2023
City: Vigneti delle Dolomiti, Country: Italy, Date: 27-11-2023
City: Vigneti delle Dolomiti, Country: Italy, Date: 27-11-2023
City: Vigneti delle Dolomiti, Country: Italy, Date: 27-11-2023
City: Vigneti delle Dolomiti, Country: Italy, Date: 27-11-2023
City: Teroldego Rotaliano, Country: Italy, Date: 27-11-2023
City: Teroldego Rotaliano, Country: Italy, Date: 27-11-2023
